{"ExportedBy":"StudioWeb","BundleHash":"TMtlzlNMmpKLHmAaCihCqaLelMCe9LtlTkvU0aYC9y8","Version":"1.0.0.0","JitAssemblyCompilerCommands":[{"ProviderName":"CustomEntities","BundleOptions":{"Hash":"YDYCA2uDVtuoIRiyylKdoDiLx7g6w1Pb97NDBR3G89LSAhzI67oogv458xsvGyzak1X1htBwcPDLifUKRrAkDQ==","BundleName":"C4911D82AD2_v2_sub_generateChatCompletion_Create","EntitiesBundle":{"Types":{"message":{"Name":"message","Properties":[{"Name":"content","Type":{"ClrType":"System.String, System.Private.CoreLib"},"Attributes":{"Values":[{"Type":{"ClrType":"System.ComponentModel.DataAnnotations.DisplayAttribute, System.ComponentModel.Annotations"},"ConstructorArguments":[],"NamedArguments":[{"Name":"Name","Value":{"Value":"\"content\"","Type":{"ClrType":"System.String, System.Private.CoreLib"}}}]}]}},{"Name":"role","Type":{"ClrType":"System.String, System.Private.CoreLib"},"Attributes":{"Values":[{"Type":{"ClrType":"System.ComponentModel.DataAnnotations.DisplayAttribute, System.ComponentModel.Annotations"},"ConstructorArguments":[],"NamedArguments":[{"Name":"Name","Value":{"Value":"\"role\"","Type":{"ClrType":"System.String, System.Private.CoreLib"}}}]}]}}],"BaseType":null},"choices":{"Name":"choices","Properties":[{"Name":"message","Type":{"DefinitionName":"message"},"Attributes":{"Values":[{"Type":{"ClrType":"System.ComponentModel.DataAnnotations.DisplayAttribute, System.ComponentModel.Annotations"},"ConstructorArguments":[],"NamedArguments":[{"Name":"Name","Value":{"Value":"\"message\"","Type":{"ClrType":"System.String, System.Private.CoreLib"}}}]}]}},{"Name":"index","Type":{"ClrType":"System.Nullable`1[[System.Int64, System.Private.CoreLib]], System.Private.CoreLib"},"Attributes":{"Values":[{"Type":{"ClrType":"System.ComponentModel.DataAnnotations.DisplayAttribute, System.ComponentModel.Annotations"},"ConstructorArguments":[],"NamedArguments":[{"Name":"Name","Value":{"Value":"\"index\"","Type":{"ClrType":"System.String, System.Private.CoreLib"}}}]}]}},{"Name":"finish_reason","Type":{"ClrType":"System.String, System.Private.CoreLib"},"Attributes":{"Values":[{"Type":{"ClrType":"System.ComponentModel.DataAnnotations.DisplayAttribute, System.ComponentModel.Annotations"},"ConstructorArguments":[],"NamedArguments":[{"Name":"Name","Value":{"Value":"\"finish_reason\"","Type":{"ClrType":"System.String, System.Private.CoreLib"}}}]}]}}],"BaseType":null},"usage":{"Name":"usage","Properties":[{"Name":"total_tokens","Type":{"ClrType":"System.Nullable`1[[System.Int64, System.Private.CoreLib]], System.Private.CoreLib"},"Attributes":{"Values":[{"Type":{"ClrType":"System.ComponentModel.DataAnnotations.DisplayAttribute, System.ComponentModel.Annotations"},"ConstructorArguments":[],"NamedArguments":[{"Name":"Name","Value":{"Value":"\"total_tokens\"","Type":{"ClrType":"System.String, System.Private.CoreLib"}}}]}]}},{"Name":"prompt_tokens","Type":{"ClrType":"System.Nullable`1[[System.Int64, System.Private.CoreLib]], System.Private.CoreLib"},"Attributes":{"Values":[{"Type":{"ClrType":"System.ComponentModel.DataAnnotations.DisplayAttribute, System.ComponentModel.Annotations"},"ConstructorArguments":[],"NamedArguments":[{"Name":"Name","Value":{"Value":"\"prompt_tokens\"","Type":{"ClrType":"System.String, System.Private.CoreLib"}}}]}]}},{"Name":"completion_tokens","Type":{"ClrType":"System.Nullable`1[[System.Int64, System.Private.CoreLib]], System.Private.CoreLib"},"Attributes":{"Values":[{"Type":{"ClrType":"System.ComponentModel.DataAnnotations.DisplayAttribute, System.ComponentModel.Annotations"},"ConstructorArguments":[],"NamedArguments":[{"Name":"Name","Value":{"Value":"\"completion_tokens\"","Type":{"ClrType":"System.String, System.Private.CoreLib"}}}]}]}}],"BaseType":null},"detectedEntities":{"Name":"detectedEntities","Properties":[{"Name":"identifier","Type":{"ClrType":"System.String, System.Private.CoreLib"},"Attributes":{"Values":[{"Type":{"ClrType":"System.ComponentModel.DataAnnotations.DisplayAttribute, System.ComponentModel.Annotations"},"ConstructorArguments":[],"NamedArguments":[{"Name":"Name","Value":{"Value":"\"identifier\"","Type":{"ClrType":"System.String, System.Private.CoreLib"}}}]}]}},{"Name":"text","Type":{"ClrType":"System.String, System.Private.CoreLib"},"Attributes":{"Values":[{"Type":{"ClrType":"System.ComponentModel.DataAnnotations.DisplayAttribute, System.ComponentModel.Annotations"},"ConstructorArguments":[],"NamedArguments":[{"Name":"Name","Value":{"Value":"\"text\"","Type":{"ClrType":"System.String, System.Private.CoreLib"}}}]}]}},{"Name":"confidenceScore","Type":{"ClrType":"System.Nullable`1[[System.Int64, System.Private.CoreLib]], System.Private.CoreLib"},"Attributes":{"Values":[{"Type":{"ClrType":"System.ComponentModel.DataAnnotations.DisplayAttribute, System.ComponentModel.Annotations"},"ConstructorArguments":[],"NamedArguments":[{"Name":"Name","Value":{"Value":"\"confidenceScore\"","Type":{"ClrType":"System.String, System.Private.CoreLib"}}}]}]}},{"Name":"category","Type":{"ClrType":"System.String, System.Private.CoreLib"},"Attributes":{"Values":[{"Type":{"ClrType":"System.ComponentModel.DataAnnotations.DisplayAttribute, System.ComponentModel.Annotations"},"ConstructorArguments":[],"NamedArguments":[{"Name":"Name","Value":{"Value":"\"category\"","Type":{"ClrType":"System.String, System.Private.CoreLib"}}}]}]}}],"BaseType":null},"contextGroundingCitations":{"Name":"contextGroundingCitations","Properties":[{"Name":"reference","Type":{"ClrType":"System.String, System.Private.CoreLib"},"Attributes":{"Values":[{"Type":{"ClrType":"System.ComponentModel.DataAnnotations.DisplayAttribute, System.ComponentModel.Annotations"},"ConstructorArguments":[],"NamedArguments":[{"Name":"Name","Value":{"Value":"\"reference\"","Type":{"ClrType":"System.String, System.Private.CoreLib"}}}]}]}},{"Name":"source","Type":{"ClrType":"System.String, System.Private.CoreLib"},"Attributes":{"Values":[{"Type":{"ClrType":"System.ComponentModel.DataAnnotations.DisplayAttribute, System.ComponentModel.Annotations"},"ConstructorArguments":[],"NamedArguments":[{"Name":"Name","Value":{"Value":"\"source\"","Type":{"ClrType":"System.String, System.Private.CoreLib"}}}]}]}},{"Name":"page_number","Type":{"ClrType":"System.Nullable`1[[System.Int64, System.Private.CoreLib]], System.Private.CoreLib"},"Attributes":{"Values":[{"Type":{"ClrType":"System.ComponentModel.DataAnnotations.DisplayAttribute, System.ComponentModel.Annotations"},"ConstructorArguments":[],"NamedArguments":[{"Name":"Name","Value":{"Value":"\"page_number\"","Type":{"ClrType":"System.String, System.Private.CoreLib"}}}]}]}}],"BaseType":null},"v2_sub_generateChatCompletion_Create":{"Name":"v2_sub_generateChatCompletion_Create","Properties":[{"Name":"choices","Type":{"DefinitionName":"choices"},"Attributes":{"Values":[{"Type":{"ClrType":"System.ComponentModel.DataAnnotations.DisplayAttribute, System.ComponentModel.Annotations"},"ConstructorArguments":[],"NamedArguments":[{"Name":"Name","Value":{"Value":"\"choices\"","Type":{"ClrType":"System.String, System.Private.CoreLib"}}}]}]},"IsCollection":true,"CollectionGenericType":{"ClrType":"System.Collections.Generic.List`1, System.Private.CoreLib"}},{"Name":"usage","Type":{"DefinitionName":"usage"},"Attributes":{"Values":[{"Type":{"ClrType":"System.ComponentModel.DataAnnotations.DisplayAttribute, System.ComponentModel.Annotations"},"ConstructorArguments":[],"NamedArguments":[{"Name":"Name","Value":{"Value":"\"usage\"","Type":{"ClrType":"System.String, System.Private.CoreLib"}}}]}]}},{"Name":"detectedEntities","Type":{"DefinitionName":"detectedEntities"},"Attributes":{"Values":[{"Type":{"ClrType":"System.ComponentModel.DataAnnotations.DisplayAttribute, System.ComponentModel.Annotations"},"ConstructorArguments":[],"NamedArguments":[{"Name":"Name","Value":{"Value":"\"detectedEntities\"","Type":{"ClrType":"System.String, System.Private.CoreLib"}}}]}]},"IsCollection":true,"CollectionGenericType":{"ClrType":"System.Collections.Generic.List`1, System.Private.CoreLib"}},{"Name":"contextGroundingCitations","Type":{"DefinitionName":"contextGroundingCitations"},"Attributes":{"Values":[{"Type":{"ClrType":"System.ComponentModel.DataAnnotations.DisplayAttribute, System.ComponentModel.Annotations"},"ConstructorArguments":[],"NamedArguments":[{"Name":"Name","Value":{"Value":"\"contextGroundingCitations\"","Type":{"ClrType":"System.String, System.Private.CoreLib"}}}]}]},"IsCollection":true,"CollectionGenericType":{"ClrType":"System.Collections.Generic.List`1, System.Private.CoreLib"}},{"Name":"created","Type":{"ClrType":"System.Nullable`1[[System.Int64, System.Private.CoreLib]], System.Private.CoreLib"},"Attributes":{"Values":[{"Type":{"ClrType":"System.ComponentModel.DataAnnotations.DisplayAttribute, System.ComponentModel.Annotations"},"ConstructorArguments":[],"NamedArguments":[{"Name":"Name","Value":{"Value":"\"created\"","Type":{"ClrType":"System.String, System.Private.CoreLib"}}}]}]}},{"Name":"model","Type":{"ClrType":"System.String, System.Private.CoreLib"},"Attributes":{"Values":[{"Type":{"ClrType":"System.ComponentModel.DataAnnotations.DisplayAttribute, System.ComponentModel.Annotations"},"ConstructorArguments":[],"NamedArguments":[{"Name":"Name","Value":{"Value":"\"model\"","Type":{"ClrType":"System.String, System.Private.CoreLib"}}}]}]}},{"Name":"id","Type":{"ClrType":"System.String, System.Private.CoreLib"},"Attributes":{"Values":[{"Type":{"ClrType":"System.ComponentModel.DataAnnotations.DisplayAttribute, System.ComponentModel.Annotations"},"ConstructorArguments":[],"NamedArguments":[{"Name":"Name","Value":{"Value":"\"id\"","Type":{"ClrType":"System.String, System.Private.CoreLib"}}}]}]}},{"Name":"text","Type":{"ClrType":"System.String, System.Private.CoreLib"},"Attributes":{"Values":[{"Type":{"ClrType":"System.ComponentModel.CategoryAttribute, System.ComponentModel.Primitives"},"ConstructorArguments":[{"Value":"\"Simplified\"","Type":{"ClrType":"System.String, System.Private.CoreLib"}}],"NamedArguments":[]},{"Type":{"ClrType":"System.ComponentModel.DataAnnotations.DisplayAttribute, System.ComponentModel.Annotations"},"ConstructorArguments":[],"NamedArguments":[{"Name":"Order","Value":{"Value":"16","Type":{"ClrType":"System.Int32, System.Private.CoreLib"}}},{"Name":"Name","Value":{"Value":"\"text\"","Type":{"ClrType":"System.String, System.Private.CoreLib"}}}]}]}},{"Name":"_object","Type":{"ClrType":"System.String, System.Private.CoreLib"},"Attributes":{"Values":[{"Type":{"ClrType":"Newtonsoft.Json.JsonPropertyAttribute, Newtonsoft.Json"},"ConstructorArguments":[],"NamedArguments":[{"Name":"PropertyName","Value":{"Value":"\"object\"","Type":{"ClrType":"System.String, System.Private.CoreLib"}}}]},{"Type":{"ClrType":"System.ComponentModel.DataAnnotations.DisplayAttribute, System.ComponentModel.Annotations"},"ConstructorArguments":[],"NamedArguments":[{"Name":"Name","Value":{"Value":"\"object\"","Type":{"ClrType":"System.String, System.Private.CoreLib"}}}]}]}},{"Name":"maskedText","Type":{"ClrType":"System.String, System.Private.CoreLib"},"Attributes":{"Values":[{"Type":{"ClrType":"System.ComponentModel.CategoryAttribute, System.ComponentModel.Primitives"},"ConstructorArguments":[{"Value":"\"Simplified\"","Type":{"ClrType":"System.String, System.Private.CoreLib"}}],"NamedArguments":[]},{"Type":{"ClrType":"System.ComponentModel.DataAnnotations.DisplayAttribute, System.ComponentModel.Annotations"},"ConstructorArguments":[],"NamedArguments":[{"Name":"Order","Value":{"Value":"17","Type":{"ClrType":"System.Int32, System.Private.CoreLib"}}},{"Name":"Name","Value":{"Value":"\"maskedText\"","Type":{"ClrType":"System.String, System.Private.CoreLib"}}}]}]}},{"Name":"contextGroundingCitationsString","Type":{"ClrType":"System.String, System.Private.CoreLib"},"Attributes":{"Values":[{"Type":{"ClrType":"System.ComponentModel.CategoryAttribute, System.ComponentModel.Primitives"},"ConstructorArguments":[{"Value":"\"Simplified\"","Type":{"ClrType":"System.String, System.Private.CoreLib"}}],"NamedArguments":[]},{"Type":{"ClrType":"System.ComponentModel.DataAnnotations.DisplayAttribute, System.ComponentModel.Annotations"},"ConstructorArguments":[],"NamedArguments":[{"Name":"Name","Value":{"Value":"\"contextGroundingCitationsString\"","Type":{"ClrType":"System.String, System.Private.CoreLib"}}}]}]}}],"BaseType":null}},"Version":1}},"EntityAssemblyKey":{"Name":"UiPath.IntegrationService.Activities.SWEntities.C4911D82AD2_v2_sub_generateChatCompletion_Create","Hash":"WURZQ0EydURWdHVvSVJpeXlsS2RvRGlMeDdnNncxUGI5N05EQlIzRzg5TFNBaHpJNjdvb2d2NDU4eHN2R3l6YWsxWDFodEJ3Y1BETGlmVUtSckFrRFE9PQ","AssemblyName":"C4911D82AD2_v2_sub_g.9fQrs39HbvR1goD4h3ScdGC3"}}]}